school_server_code,ice,factorisation,coins_puzzle,rationpatterns,food_sharing_tool,ages_puzzle,policesquad,astroamer_element_hunt_activity,astroamer_moon_track,astroamer_planet_trek_activity
2041003-mz46,0.0,0.0,0.0,0.0,19.0,0.0,0.0,0.0,0.0,0.0
2011008-mz85,0.0,6.0,2.0,0.0,1.0,5.5,0.0,3.0,0.0,0.0
4231036-tg136,0.0,1.3333333333333333,1.0,0.0,2.0,0.0,3.2857142857142856,2.5,2.0,4.5
4202058-tg258,0.0,1.0,0.0,0.0,1.0,1.0,0.0,1.0,0.0,1.0
4231046-tg146,0.0,1.0,0.0,0.0,0.0,1.0,0.0,0.0,0.0,0.0
1011003-ct3,0.0,0.0,0.0,0.0,1.0,0.0,0.0,0.0,0.0,0.0
1011006-ct6,0.0,0.0,0.0,0.0,0.0,0.0,0.0,1.0,0.0,0.0
4141008-tg108,0.0,0.0,0.0,0.0,0.0,0.0,1.0,0.0,0.0,0.0
4231058-tg158,0.0,0.0,0.0,0.0,1.0,0.0,0.0,0.0,0.0,0.0
