school_server_code,ice,factorisation,coins_puzzle,rationpatterns,food_sharing_tool,ages_puzzle,policesquad,astroamer_element_hunt_activity,astroamer_moon_track,astroamer_planet_trek_activity
1011018-ct18,0.0,3.0,4.0,0.0,4.0,3.0,2.0,0.0,0.0,0.0
1011001-ct1,0.0,2.6666666666666665,2.3333333333333335,0.0,2.0,2.3333333333333335,2.6666666666666665,1.0,0.0,0.0
1011020-ct20,0.0,0.0,0.0,0.0,0.0,1.0,3.3846153846153846,0.0,0.0,0.0
1011022-ct22,0.0,0.0,0.0,0.0,0.0,0.0,3.0,0.0,0.0,0.0
1011003-ct3,0.0,0.0,0.0,0.0,0.0,0.0,1.5,0.0,0.0,0.0
1011019-ct19,0.0,0.0,0.0,0.0,0.0,0.0,1.0,0.0,0.0,0.0
1011026-ct26,0.0,0.0,0.0,0.0,0.0,0.0,0.0,1.0,0.0,0.0
