school_server_code,ice,factorisation,coins_puzzle,rationpatterns,food_sharing_tool,ages_puzzle,policesquad,astroamer_element_hunt_activity,astroamer_moon_track,astroamer_planet_trek_activity
2031009-mz9,0.0,0.0,0.0,0.0,385.3333333333333,0.0,42.33333333333333,39.0,0.0,0.0
2031016-mz16,0.0,67.0,67.0,0.0,67.0,67.0,1.7833333333333332,0.0,0.0,0.0
2031030-mz30,0.0,0.0,40.0,0.0,40.0,40.0,5.333333333333333,0.0,0.0,0.0
2031011-mz11,0.0,0.0,0.0,0.0,0.0,0.0,49.733333333333334,0.0,0.0,0.0
2031017-mz17,0.0,0.0,5.0,0.0,5.0,0.0,0.0,0.0,0.0,0.0
2031007-mz7,0.0,0.0,0.0,0.0,1.0,0.0,0.75,0.0,0.0,0.0
