school_server_code,ice,factorisation,coins_puzzle,rationpatterns,food_sharing_tool,ages_puzzle,policesquad,astroamer_element_hunt_activity,astroamer_moon_track,astroamer_planet_trek_activity
4231036-tg136,6.0,2.3333333333333335,0.0,0.0,14.5,1.0,4.964583333333334,3.0,0.0,14.0
4152008-tg208,0.0,13.0,13.0,0.0,0.0,13.0,0.0,0.0,0.0,0.0
4202058-tg258,0.0,2.0,2.0,0.0,1.0,0.5,6.375,0.0,0.0,0.0
4141008-tg108,0.0,0.0,0.0,0.0,8.0,0.0,0.0,0.0,0.0,0.0
4221026-tg126,0.0,0.0,0.0,0.0,1.0,0.0,0.0,0.0,0.0,0.0
4152012-tg212,0.0,0.0,0.0,0.0,0.0,0.0,0.0,0.0,0.0,0.0
4231043-tg143,0.0,0.0,0.0,0.0,0.0,0.0,0.0,0.0,0.0,0.0
